Car,Count
Acura | CL,119
Acura | CSX,1
Acura | EL,1
Acura | ILX,156
Acura | Integra,104
Acura | Legend,30
Acura | MDX,1770
Acura | NSX,12
Acura | RDX,490
Acura | RL,137
Acura | RLX,19
Acura | RSX,175
Acura | TL,2237
Acura | TLX,22
Acura | TSX,1199
Acura | ZDX,49
Alfa Romeo | 145,2
Alfa Romeo | 146,1
Alfa Romeo | 147,13
Alfa Romeo | 155,1
Alfa Romeo | 156,28
Alfa Romeo | 159,5
Alfa Romeo | 164,13
Alfa Romeo | 166,2
Alfa Romeo | 2000,1
Alfa Romeo | 33,1
Alfa Romeo | 4C,5
Alfa Romeo | Alfetta,1
Alfa Romeo | Giulia,29
Alfa Romeo | Giulietta,14
Alfa Romeo | GT,2
Alfa Romeo | GTV,5
Alfa Romeo | MiTo,1
Alfa Romeo | Montreal,1
Alfa Romeo | Spider,67
Alfa Romeo | Stelvio,10
AM | General M925,1
AMC | Alliance,1
AMC | Ambassador,4
AMC | AMX,18
AMC | Cj7,1
AMC | Concord,2
AMC | Eagle,3
AMC | Gremlin,7
AMC | Hornet,5
AMC | Javelin,23
AMC | Marlin,1
AMC | Matador,1
AMC | Pacer,10
AMC | Rebel,5
Aston Martin | DB11,6
Aston Martin | DB7,7
Aston Martin | DB9,25
Aston Martin | DBS,4
Aston Martin | DBX,1
Aston Martin | Lagonda,1
Aston Martin | Rapide,4
Aston Martin | Vanquish,9
Aston Martin | Vantage,16
Audi | 100,215
Audi | 200,4
Audi | 80,197
Audi | 90,7
Audi | A1,16
Audi | A3,550
Audi | A4,3422
Audi | A5,693
Audi | A6,2259
Audi | A7,340
Audi | A8,685
Audi | Cabriolet,5
Audi | Coupe,1
Audi | E-tron,1
Audi | Q2,13
Audi | Q3,377
Audi | Q5,1232
Audi | Q7,1302
Audi | Q8,78
Audi | R8,78
Audi | RS 3,8
Audi | RS 4,14
Audi | RS 5,29
Audi | RS 6,19
Audi | RS 7,8
Audi | RS Q3,12
Audi | RS Q8,2
Audi | S3,34
Audi | S4,281
Audi | S5,204
Audi | S6,54
Audi | S7,24
Audi | S8,57
Audi | SQ5,23
Audi | SQ7,12
Audi | SQ8,7
Audi | TT,285
Audi | TT RS,3
Audi | TTS,13
Audi | V8,2
Austin | A35,1
Baic | Bj40l,2
Barkas | B1000,1
Bentley | Arnage,21
Bentley | Azure,2
Bentley | Bentayga,46
Bentley | Brooklands,3
Bentley | Continental,26
Bentley | Continental Flying Spur,33
Bentley | Continental GT,150
Bentley | Continental R,1
Bentley | Mulsanne,12
Bentley | Turbo R,5
BMW | 1 Series,927
BMW | 2 Series,128
BMW | 3 Series,11414
BMW | 321,3
BMW | 326,2
BMW | 340,1
BMW | 4 Series,524
BMW | 5 Series,7527
BMW | 6 Series,1135
BMW | 7 Series,2236
BMW | 8 Series,92
BMW | i3,14
BMW | i8,27
BMW | Isetta,4
BMW | M2,34
BMW | M3,458
BMW | M4,39
BMW | M5,190
BMW | M6,136
BMW | M8,10
BMW | X1,769
BMW | X2,51
BMW | X3,2294
BMW | X4,240
BMW | X5,5030
BMW | X5 M,37
BMW | X6,1376
BMW | X6 M,26
BMW | X7,195
BMW | XM,1
BMW | Z3,139
BMW | Z4,399
BMW | Z8,1
Brilliance | H230,1
Brilliance | H530,5
Brilliance | M1,1
Brilliance | M2,5
Brilliance | V3,7
Brilliance | V5,12
Buick | Apollo,1
Buick | Cascada,5
Buick | Century,268
Buick | Electra,7
Buick | Enclave,1224
Buick | Encore,133
Buick | Encore GX,2
Buick | Envision,38
Buick | LaCrosse,1188
Buick | Lucerne,518
Buick | Park Avenue,133
Buick | Rainier,93
Buick | Reatta,13
Buick | Regal,701
Buick | Rendezvous,309
Buick | Riviera,74
Buick | Roadmaster,58
Buick | Skylark,49
Buick | Super,1
Buick | Terraza,59
Buick | Verano,393
Buick | Wildcat,2
BYD | F3,53
Cadillac | Allante,38
Cadillac | ATS,315
Cadillac | BLS,19
Cadillac | Brougham,29
Cadillac | Catera,46
Cadillac | CT4,2
Cadillac | CT5,2
Cadillac | CT6,57
Cadillac | CTS-V,139
Cadillac | DeVille,930
Cadillac | DeVille DTS,1
Cadillac | Eldorado,257
Cadillac | ELR,12
Cadillac | Escalade,2417
Cadillac | Fleetwood,105
Cadillac | Series 62,15
Cadillac | Seville,208
Cadillac | SRX,1528
Cadillac | STS,334
Cadillac | XLR,51
Cadillac | XT4,17
Cadillac | XT5,97
Cadillac | XT6,3
Cadillac | XTS,249
Changan | CS35,28
Changan | CS35 Plus,53
Changan | CS55,21
Changan | CS55 Plus,5
Changan | CS75,34
Changan | CS75 Plus,3
Changan | CS85,2
Changan | CS95,1
Changan | Eado,2
Changan | UNI-K,99
Changan | UNI-T,19
Changan | UNI-V,3
Changhe | Ideal,2
Chery | Amulet A15,103
Chery | Arrizo 7,9
Chery | Bonus A13,64
Chery | Bonus A19,12
Chery | CrossEastar B14,19
Chery | Fora A21,79
Chery | indiS S18D,112
Chery | Kimo A1,117
Chery | M11,47
Chery | Oriental Son B11,2
Chery | QQ Sweet,34
Chery | QQ6 S21,43
Chery | Tiggo 2,26
Chery | Tiggo 3,74
Chery | Tiggo 4,282
Chery | Tiggo 4 Pro,30
Chery | Tiggo 5,57
Chery | Tiggo 7,17
Chery | Tiggo 7 Pro,231
Chery | Tiggo 7 Pro Max,19
Chery | Tiggo 8,79
Chery | Tiggo 8 Pro,122
Chery | Tiggo 8 Pro Max,43
Chery | Tiggo T11,361
Chery | Very A13,54
Chevrolet | Alero,6
Chevrolet | Astro,139
Chevrolet | Avalanche,1311
Chevrolet | Aveo,1738
Chevrolet | Bel Air,260
Chevrolet | Beretta,5
Chevrolet | Blazer,613
Chevrolet | Bolt,2
Chevrolet | Bolt EV,3
Chevrolet | Camaro,3384
Chevrolet | Caprice,106
Chevrolet | Captiva,269
Chevrolet | Cavalier,411
Chevrolet | Celebrity,3
Chevrolet | Cobalt,1855
Chevrolet | Colorado,906
Chevrolet | Corsica,1
Chevrolet | Corvette,1940
Chevrolet | Cruze,7554
Chevrolet | El Camino,38
Chevrolet | Epica,161
Chevrolet | Equinox,5315
Chevrolet | Evanda,12
Chevrolet | Express,1587
Chevrolet | HHR,1164
Chevrolet | Impala,9599
Chevrolet | Lacetti,1137
Chevrolet | Lanos,857
Chevrolet | Lumina,68
Chevrolet | Malibu,7472
Chevrolet | Metro,1
Chevrolet | MW,11
Chevrolet | Nexia,24
Chevrolet | Niva,1748
Chevrolet | Nova,124
Chevrolet | Optra,1
Chevrolet | Orlando,56
Chevrolet | Rezzo,36
Chevrolet | Silverado,42
Chevrolet | Sonic,1812
Chevrolet | Spark,500
Chevrolet | Suburban,2842
Chevrolet | Tahoe,3707
Chevrolet | Tracker,112
Chevrolet | TrailBlazer,1517
Chevrolet | Traverse,2183
Chevrolet | Trax,28
Chevrolet | Uplander,368
Chevrolet | Venture,192
Chevrolet | Viva,27
Chevrolet | Volt,585
Chrysler | 200,4093
Chrysler | 300,341
Chrysler | Aspen,236
Chrysler | Cirrus,34
Chrysler | Concorde,80
Chrysler | Cordoba,2
Chrysler | Crossfire,109
Chrysler | Grand Voyager,9
Chrysler | Imperial,34
Chrysler | Intrepid,2
Chrysler | LHS,25
Chrysler | Neon,12
Chrysler | New Yorker,44
Chrysler | Pacifica,316
Chrysler | Prowler,3
Chrysler | PT Cruiser,1380
Chrysler | Sebring,1479
Chrysler | Stratus,6
Chrysler | Town & Country,6169
Chrysler | Vision,1
Chrysler | Voyager,67
Chrysler | Ypsilon,2
Citroen | Berlingo,119
Citroen | C-Crosser,27
Citroen | C-Elysee,24
Citroen | C1,33
Citroen | C15,2
Citroen | C2,20
Citroen | C3,100
Citroen | C3 Aircross,7
Citroen | C3 Picasso,38
Citroen | C4,466
Citroen | C4 Aircross,7
Citroen | C4 Cactus,2
Citroen | C4 Picasso,21
Citroen | C5,85
Citroen | C5 Aircross,2
Citroen | DS3,6
Citroen | DS4,15
Citroen | DS5,8
Citroen | GS,1
Citroen | Jumpy,13
Citroen | Nemo,1
Citroen | Saxo,5
Citroen | SM,1
Citroen | Spacetourer,23
Citroen | Xantia,3
Citroen | XM,2
Citroen | Xsara,11
Citroen | Xsara Picasso,18
Dacia | Logan,5
Dacia | Logan MCV,1
Daewoo | Damas,1
Daewoo | Espero,61
Daewoo | Gentra,83
Daewoo | Kalos,1
Daewoo | Lacetti,57
Daewoo | Lanos,76
Daewoo | Leganza,36
Daewoo | LeMans,1
Daewoo | Magnus,15
Daewoo | Matiz,793
Daewoo | Nexia,986
Daewoo | Nubira,28
Daewoo | Prince,12
Daewoo | Racer,1
Daewoo | Sens,23
Daewoo | Tacuma,1
Daewoo | Tico,6
Daewoo | Winstorm,67
Daihatsu | Applause,2
Daihatsu | Atrai,18
Daihatsu | Be-Go,65
Daihatsu | Boon,165
Daihatsu | Boon Luminas,8
Daihatsu | Cast,35
Daihatsu | Charade,34
Daihatsu | Charade Social,1
Daihatsu | Coo,5
Daihatsu | Copen,26
Daihatsu | Cuore,4
Daihatsu | Delta,4
Daihatsu | Esse,9
Daihatsu | Gran-max,1
Daihatsu | Hijet,11
Daihatsu | Max,6
Daihatsu | Mebius,2
Daihatsu | Mira,150
Daihatsu | Mira Avy,1
Daihatsu | Mira e:S,193
Daihatsu | Mira Tocot,1
Daihatsu | Move,461
Daihatsu | Move Canbus,3
Daihatsu | Move Conte,17
Daihatsu | Pyzar,66
Daihatsu | Rocky,67
Daihatsu | Sonica,45
Daihatsu | Storia,45
Daihatsu | Taft,6
Daihatsu | Tanto,114
Daihatsu | Tanto Exe,7
Daihatsu | Terios,81
Daihatsu | Terios Kid,245
Daihatsu | Thor,113
Daihatsu | Wake,22
Daihatsu | YRV,88
Datsun | Cherry,1
Datsun | mi-Do,70
Datsun | on-DO,507
DeLorean | DMC 12,1
DeSoto | Custom,3
DeSoto | Firedome,1
DeSoto | Firesweep,1
Dodge | Aries,1
Dodge | Avenger,3983
Dodge | Caliber,1414
Dodge | Caravan,8497
Dodge | Challenger,1660
Dodge | Charger,5136
Dodge | Dakota,730
Dodge | Dart,1130
Dodge | Daytona,9
Dodge | Durango,2240
Dodge | Dynasty,2
Dodge | Grand Caravan,4
Dodge | Intrepid,143
Dodge | Journey,3166
Dodge | Magnum,421
Dodge | Neon,284
Dodge | Nitro,651
Dodge | Raider,2
Dodge | Ram,156
Dodge | Shadow,2
Dodge | Spirit,5
Dodge | Sprinter,201
Dodge | Stealth,28
Dodge | Stratus,357
Dodge | Viper,115
Dongfeng | 580,24
Dongfeng | AX7,10
Dongfeng | DF6,4
Dongfeng | H30 Cross,20
Dongfeng | S30,6
DW Hower | H3,8
DW Hower | H5,1
Eagle | Talon,6
Eagle | Vision,3
EXEED | LX,54
EXEED | TXL,175
EXEED | VX,51
FAW | Bestune T55,1
FAW | Bestune T77,13
FAW | Besturn B50,9
FAW | Besturn X40,31
FAW | Besturn X80,20
FAW | Oley,9
FAW | V2,1
FAW | V5,12
FAW | Vita,3
Ferrari | 348,5
Ferrari | 355,2
Ferrari | 360,21
Ferrari | 430,9
Ferrari | 456,4
Ferrari | 458,6
Ferrari | 458 Italia,3
Ferrari | 458-italia,4
Ferrari | 458-spider,5
Ferrari | 488,14
Ferrari | 488 GTB,1
Ferrari | 488 Spider,1
Ferrari | 488-gtb,4
Ferrari | 488-spider,5
Ferrari | 599,6
Ferrari | 599gtb,3
Ferrari | 612 Scaglietti,2
Ferrari | 812 Superfast,1
Ferrari | 812-gts,2
Ferrari | 812-superfast,3
Ferrari | California,27
Ferrari | California-t,7
Ferrari | F12,9
Ferrari | F12 Berlinetta,1
Ferrari | F430,8
Ferrari | F430-spider,1
Ferrari | F8 Tributo,1
Ferrari | F8-tributo,9
Ferrari | F8-tributo-spider,4
Ferrari | FF,3
Ferrari | Ff,2
Ferrari | Gtc4-lusso,4
Ferrari | Mondial,1
Ferrari | Other,2
Ferrari | Portofino,5
Ferrari | Roma,7
Ferrari | Scaglietti,2
Ferrari | Sf90-stradale,5
Fiat | 124,2
Fiat | 124 Spider,1
Fiat | 500,660
Fiat | 500X,3
Fiat | Albea,122
Fiat | Barchetta,1
Fiat | Bravo,7
Fiat | Croma,1
Fiat | Doblo,48
Fiat | Freemont,2
Fiat | Fullback,6
Fiat | Grande Punto,3
Fiat | Linea,15
Fiat | Panda,10
Fiat | Punto,22
Fiat | Scudo,4
Fisker | Karma,18
Ford | Aerostar,10
Ford | Aspire,2
Ford | Bronco,563
Ford | C Max,738
Ford | Capri,2
Ford | Contour,17
Ford | Cortina,1
Ford | Cougar,3
Ford | Crown Victoria,267
Ford | EcoSport,97
Ford | Edge,6147
Ford | Escape,12497
Ford | Escort,164
Ford | Excursion,391
Ford | Expedition,3170
Ford | Explorer,8605
Ford | F150,16032
Ford | F250,3237
Ford | Festiva,19
Ford | Fiesta,2706
Ford | Figo,14
Ford | Flex,1270
Ford | Focus,15518
Ford | Focus ST,82
Ford | Freda,9
Ford | Freestar,273
Ford | Freestyle,279
Ford | Fusion,14207
Ford | Galaxie,136
Ford | Galaxy,34
Ford | GT,2
Ford | Ixion,2
Ford | Ka,15
Ford | Kuga,328
Ford | Laser,12
Ford | Maverick,34
Ford | Model T,44
Ford | Mondeo,740
Ford | Mustang,7766
Ford | Orion,9
Ford | Probe,16
Ford | Puma,4
Ford | Ranger,2121
Ford | S Max,66
Ford | Scorpio,42
Ford | Shelby,102
Ford | Sierra,39
Ford | Spectron,1
Ford | Taurus,4918
Ford | Taurus X,95
Ford | Telstar,3
Ford | Tempo,3
Ford | Thunderbird,202
Ford | Tourneo,76
Ford | Transit,845
Ford | Windstar,237
Foton | Sauvana,6
Foton | Tunland,3
Freightliner | Sprinter,5
GAC | GA3,1
GAC | GN8,6
GAC | GS4,1
GAC | GS5,2
GAC | GS7,1
GAC | GS8,13
Geely | Atlas,132
Geely | Atlas Pro,104
Geely | Coolray SX11,262
Geely | Emgrand EC7,256
Geely | Emgrand EC8,1
Geely | Emgrand GT,1
Geely | Emgrand X7,98
Geely | GC6,25
Geely | GS,10
Geely | MK,73
Geely | MK Cross,123
Geely | Monjaro,30
Geely | Otaka CK,2
Geely | Tugella FY11,106
Genesis | G70,181
Genesis | G80,23
Genesis | G90,7
Genesis | GV70,17
Genesis | GV80,69
Geo | Metro,14
Geo | Prizm,20
Geo | Storm,1
Geo | Tracker,11
GMC | Acadia,2223
GMC | Canyon,151
GMC | Envoy,972
GMC | Jimmy,113
GMC | Safari,11
GMC | Savana,739
GMC | Sierra,45
GMC | Sierra 1500,767
GMC | Sonoma,43
GMC | Suburban,62
GMC | Syclone,3
GMC | Terrain,1235
GMC | Typhoon,1
GMC | Vandura,14
GMC | Yukon,1787
Great Wall | Hover,46
Great Wall | Hover H3,100
Great Wall | Hover H5,221
Great Wall | Hover H6,6
Great Wall | Hover M2,8
Great Wall | Hover M4,2
Great Wall | Pao,1
Great Wall | Poer,18
Great Wall | Safe,31
Great Wall | Wingle,20
Great Wall | Wingle 7,26
Haima | 3,35
Haima | 7,5
Haima | M3,11
Haval | Dargo,16
Haval | F7,210
Haval | F7x,220
Haval | H2,14
Haval | H5,17
Haval | H6,32
Haval | H9,82
Haval | Jolion,159
Hawtai | Boliger,9
Honda | Accord,13102
Honda | Acty,10
Honda | Airwave,291
Honda | Ascot Innova,71
Honda | Avancier,167
Honda | Capa,84
Honda | City,23
Honda | Civic,9847
Honda | Civic Ferio,609
Honda | Civic Shuttle,27
Honda | Civic Type R,16
Honda | Clarity,3
Honda | Concerto,4
Honda | CR-V,5854
Honda | CR-X del Sol,2
Honda | CR-Z,247
Honda | Crossroad,107
Honda | Crosstour,347
Honda | Domani,160
Honda | Edix,69
Honda | Element,399
Honda | Elysion,99
Honda | Fit,6102
Honda | Fit Aria,85
Honda | Fit Shuttle,1954
Honda | FR-V,11
Honda | Freed,4804
Honda | Grace,111
Honda | HR-V,1017
Honda | Insight,1573
Honda | Inspire,200
Honda | Integra,178
Honda | Integra SJ,15
Honda | Jade,217
Honda | Jazz,85
Honda | Legend,93
Honda | Life,92
Honda | Logo,117
Honda | MDX,1
Honda | Mobilio,38
Honda | Mobilio Spike,22
Honda | N-BOX,313
Honda | N-ONE,16
Honda | N-VAN,2
Honda | N-WGN,606
Honda | Odyssey,4403
Honda | Orthia,114
Honda | Partner,252
Honda | Passport,33
Honda | Pilot,2306
Honda | Prelude,139
Honda | Rafaga,25
Honda | Ridgeline,265
Honda | S-MX,57
Honda | S2000,70
Honda | S660,9
Honda | Saber,136
Honda | Shuttle,1280
Honda | Stepwgn,2208
Honda | Stream,1165
Honda | That's,3
Honda | Today,1
Honda | Torneo,416
Honda | Vamos,10
Honda | Vamos Hobio,3
Honda | Vezel,2735
Honda | Vigor,6
Honda | Z,18
Honda | Zest,98
Hummer | H1,31
Hummer | H2,446
Hummer | H3,518
Hyundai | Accent,3054
Hyundai | Atos,8
Hyundai | Avante,170
Hyundai | Azera,4
Hyundai | Centennial,1
Hyundai | Coupe,14
Hyundai | Creta,1155
Hyundai | Elantra,7437
Hyundai | Equus,191
Hyundai | Galloper,32
Hyundai | Genesis,1292
Hyundai | Getz,597
Hyundai | Grace,53
Hyundai | Grand Santa Fe,40
Hyundai | Grandeur,33
Hyundai | H1,135
Hyundai | i10,4
Hyundai | i20,57
Hyundai | i30,311
Hyundai | i40,228
Hyundai | Ioniq,2
Hyundai | ix35,689
Hyundai | ix55,44
Hyundai | Kona,55
Hyundai | Lantra,17
Hyundai | Matrix,166
Hyundai | Palisade,422
Hyundai | S Coupe,1
Hyundai | Santa Fe,3614
Hyundai | Solaris,4007
Hyundai | Sonata,8520
Hyundai | Sonata NF,40
Hyundai | Starex,141
Hyundai | Staria,45
Hyundai | Terracan,118
Hyundai | Tiburon,227
Hyundai | Trajet,15
Hyundai | Tucson,2248
Hyundai | Veloster,693
Hyundai | Venue,3
Hyundai | Veracruz,170
Hyundai | Verna,56
Hyundai | XG,101
Infiniti | EX,147
Infiniti | EX25,46
Infiniti | EX35,159
Infiniti | EX37,6
Infiniti | FX,411
Infiniti | FX30d,30
Infiniti | FX35,937
Infiniti | FX37,275
Infiniti | FX45,172
Infiniti | FX50,67
Infiniti | G,5
Infiniti | G20,39
Infiniti | G25,51
Infiniti | G35,1239
Infiniti | G37,350
Infiniti | I30,75
Infiniti | I35,103
Infiniti | JX,3
Infiniti | JX30,2
Infiniti | JX35,34
Infiniti | M,905
Infiniti | M25,11
Infiniti | M35,327
Infiniti | M37,128
Infiniti | M45,89
Infiniti | M56,14
Infiniti | Q30,34
Infiniti | Q45,59
Infiniti | Q50,685
Infiniti | Q60,98
Infiniti | Q70,67
Infiniti | Q80,31
Infiniti | QX30,7
Infiniti | QX40,13
Infiniti | QX50,120
Infiniti | QX55,4
Infiniti | QX56,685
Infiniti | QX60,277
Infiniti | QX70,194
Infiniti | QX80,278
Iran Khodro | Samand,39
Iran Khodro | Tara,3
Isuzu | Ascender,40
Isuzu | Aska,9
Isuzu | Axiom,27
Isuzu | Bighorn,185
Isuzu | D-MAX,11
Isuzu | Fargo,2
Isuzu | Gemini,30
Isuzu | MU,7
Isuzu | Pa Nero,1
Isuzu | Piazza,1
Isuzu | Rodeo,124
Isuzu | Trooper,87
Isuzu | VehiCross,14
Isuzu | Wizard,23
JAC | City-bus,1
JAC | J7,66
JAC | JS4,5
JAC | JS6,2
JAC | S1,3
JAC | S3,14
JAC | S5,13
JAC | T6,6
Jaguar | E-Pace,10
Jaguar | E-Type,38
Jaguar | F-Pace,72
Jaguar | F-Type,97
Jaguar | I-Pace,1
Jaguar | S-Type,308
Jaguar | X-Type,269
Jaguar | XE,24
Jaguar | XF,595
Jaguar | XJ,519
Jaguar | XJ12,2
Jaguar | XJ6,28
Jaguar | XJ8,23
Jaguar | XJR,17
Jaguar | XJS,79
Jaguar | XK,206
Jaguar | XK8,65
Jaguar | XKR,30
Jeep | Cherokee,1069
Jeep | CJ,187
Jeep | Commander,712
Jeep | Compass,1523
Jeep | Gladiator,24
Jeep | Grand Cherokee,5786
Jeep | Grand Wagoneer,2
Jeep | Liberty,2717
Jeep | Patriot,1818
Jeep | Renegade,72
Jeep | Wagoneer,84
Jeep | Wrangler,5163
Jetour | Dashing,2
Jetour | X70 Plus,18
Jetour | X90,2
Jetta | VA3,2
Jetta | VS5,9
Jetta | VS7,16
Kaiyi | E5,31
Kia | Avella,3
Kia | Besta,7
Kia | Cadenza,250
Kia | Carens,59
Kia | Carnival,455
Kia | Ceed,1431
Kia | Cerato,1020
Kia | Cerato Koup,54
Kia | Clarus,17
Kia | Forte,2814
Kia | K3,123
Kia | K5,498
Kia | K7,27
Kia | K9,2
Kia | K900,69
Kia | Koup,1
Kia | Magentis,106
Kia | Mohave,203
Kia | Niro,7
Kia | Opirus,17
Kia | Optima,5289
Kia | Picanto,290
Kia | Pregio,16
Kia | Pride,2
Kia | ProCeed,90
Kia | Quoris,35
Kia | Rio,5342
Kia | Rio X (X-Line),636
Kia | Sedona,983
Kia | Seltos,281
Kia | Sephia,42
Kia | Shuma,24
Kia | Sorento,4977
Kia | Soul,3275
Kia | Spectra,892
Kia | Sportage,3490
Kia | Stinger,164
Kia | Stonic,51
Kia | Telluride,6
Kia | Venga,84
Kia | Xceed,8
Lamborghini | Aventador,15
Lamborghini | Diablo,1
Lamborghini | Gallardo,27
Lamborghini | Huracan,22
Lamborghini | Murcielago,1
Lamborghini | Urus,41
Lancia | Appia,3
Lancia | Flaminia,1
Lancia | Fulvia,3
Land Rover | Defender,187
Land Rover | Discovery,461
Land Rover | Discovery Sport,82
Land Rover | Freelander,292
Land Rover | LR2,7
Land Rover | LR3,5
Land Rover | LR4,18
Land Rover | Range Rover,1589
Land Rover | Range Rover Evoque,395
Land Rover | Range Rover Sport,1635
Land Rover | Range Rover Velar,73
Landwind | X6,1
Lexus | CT 200h,513
Lexus | ES,48
Lexus | ES 200,23
Lexus | ES 250,256
Lexus | ES 300,23
Lexus | ES 300h,81
Lexus | ES 330,5
Lexus | ES 350,94
Lexus | GS,71
Lexus | GS 200t,5
Lexus | GS 250,76
Lexus | GS 300,369
Lexus | GS 300h,60
Lexus | GS 350,135
Lexus | GS 400,3
Lexus | GS 430,36
Lexus | GS 450h,87
Lexus | GS F,1
Lexus | GX,71
Lexus | GX 460,377
Lexus | GX 470,342
Lexus | HS 250h,60
Lexus | IS,109
Lexus | IS 200,26
Lexus | IS 200t,14
Lexus | IS 220d,3
Lexus | IS 250,327
Lexus | IS 250 C,1
Lexus | IS 300,15
Lexus | IS 300h,55
Lexus | IS 350,6
Lexus | IS 350 C,1
Lexus | IS C,1
Lexus | IS F,37
Lexus | LC 500,4
Lexus | LC 500h,3
Lexus | LS,143
Lexus | LS 400,23
Lexus | LS 430,64
Lexus | LS 460,69
Lexus | LS 460 L,41
Lexus | LS 500,8
Lexus | LS 500h,12
Lexus | LS 600h,15
Lexus | LS 600h L,29
Lexus | LX,108
Lexus | LX 450,2
Lexus | LX 450d,156
Lexus | LX 470,308
Lexus | LX 500d,2
Lexus | LX 570,862
Lexus | LX 600,31
Lexus | NX,3
Lexus | NX 200,303
Lexus | NX 200t,202
Lexus | NX 250,10
Lexus | NX 300,190
Lexus | NX 300h,169
Lexus | NX 350,10
Lexus | NX 350h,1
Lexus | RC,5
Lexus | RC 200t,3
Lexus | RC 300,4
Lexus | RC 300h,3
Lexus | RC 350,3
Lexus | RC F,9
Lexus | RX,195
Lexus | RX 200t,429
Lexus | RX 270,186
Lexus | RX 300,1252
Lexus | RX 330,456
Lexus | RX 350,1303
Lexus | RX 350 L,14
Lexus | RX 350h,2
Lexus | RX 400h,138
Lexus | RX 450h,508
Lexus | RX 450h L,14
Lexus | RX 500h,5
Lexus | SC,83
Lexus | SC 430,15
Lexus | UX 200,29
Lexus | UX 250h,40
Li | L7,1
Li | L9,8
Li | ONE,3
Lifan | Breez,67
Lifan | Cebrium,40
Lifan | Celliya,3
Lifan | Murman,11
Lifan | Myway,52
Lifan | Smily,104
Lifan | Solano,376
Lifan | X50,86
Lifan | X60,326
Lifan | X70,20
Lincoln | Aviator,169
Lincoln | Blackwood,8
Lincoln | Continental,226
Lincoln | LS,242
Lincoln | Mark LT,77
Lincoln | MKC,77
Lincoln | MKS,899
Lincoln | MKT,178
Lincoln | MKX,1276
Lincoln | MKZ,1911
Lincoln | Nautilus,13
Lincoln | Navigator,952
Lincoln | Town Car,721
Lotus | Eclat,2
Lotus | Elan,4
Lotus | Elise,7
Lotus | Esprit,8
Lotus | Europa,5
Lotus | Evora,15
Lotus | Exige,2
Luxgen | 7 SUV,9
Maserati | Biturbo,2
Maserati | Coupe,11
Maserati | Ghibli,79
Maserati | Gran Turismo,27
Maserati | Grecale,1
Maserati | Levante,41
Maserati | Quattroporte,152
Maserati | Spyder,6
Maxus | G50,1
Maxus | V80,1
Maybach | 57,4
Maybach | 62,2
Maybach | S-class,1
Mazda | 2,463
Mazda | 3,4659
Mazda | 323,75
Mazda | 323F,51
Mazda | 5,662
Mazda | 6,3361
Mazda | 626,273
Mazda | 929,2
Mazda | Atenza,216
Mazda | Axela,887
Mazda | AZ,35
Mazda | B-Series,40
Mazda | Biante,96
Mazda | Bongo,22
Mazda | Bongo Friendee,96
Mazda | BT-50,16
Mazda | Capella,272
Mazda | Carol,18
Mazda | Cosmo,1
Mazda | Cronos,8
Mazda | CX-3,346
Mazda | CX-30,74
Mazda | CX-4,3
Mazda | CX-5,2138
Mazda | CX-60,1
Mazda | CX-7,910
Mazda | CX-8,173
Mazda | CX-9,1027
Mazda | Demio,1423
Mazda | Efini MPV,4
Mazda | Efini MS-6,1
Mazda | Efini MS-8,9
Mazda | Efini MS-9,2
Mazda | Eunos 500,2
Mazda | Eunos 800,1
Mazda | Eunos Presso,2
Mazda | Familia,776
Mazda | Flair,57
Mazda | Lantis,2
Mazda | Luce,4
Mazda | Millenia,131
Mazda | MPV,411
Mazda | MX-3,4
Mazda | MX-30,1
Mazda | MX-5 Miata,401
Mazda | MX-6,2
Mazda | Navajo,1
Mazda | Persona,3
Mazda | Premacy,330
Mazda | Proceed,7
Mazda | Proceed Levante,17
Mazda | Proceed Marvie,21
Mazda | Protege,142
Mazda | RX-7,65
Mazda | RX-8,111
Mazda | Scrum,8
Mazda | Sentia,3
Mazda | Spiano,1
Mazda | Tribute,460
Mazda | Verisa,52
Mazda | Xedos 6,10
Mazda | Xedos 9,15
McLaren | 570,3
McLaren | 570 GT,2
McLaren | 570S,1
McLaren | 600LT,2
McLaren | 650S,4
McLaren | 675LT,3
McLaren | 720S,8
McLaren | Elva,1
McLaren | MP4-12C,9
McLaren | P1,1
McLaren | Senna,2
Mercedes-Benz | 190,88
Mercedes-Benz | A-Class,273
Mercedes-Benz | A200,1
Mercedes-Benz | AMG GT,82
Mercedes-Benz | B-Class,89
Mercedes-Benz | C-Class,7152
Mercedes-Benz | C43,5
Mercedes-Benz | Citan,7
Mercedes-Benz | CL-Class,357
Mercedes-Benz | CLA-Class,568
Mercedes-Benz | CLC-Class,12
Mercedes-Benz | CLK-Class,713
Mercedes-Benz | CLS-Class,851
Mercedes-Benz | E-Class,7129
Mercedes-Benz | EQC,1
Mercedes-Benz | G-Class,805
Mercedes-Benz | GL-Class,1761
Mercedes-Benz | GLA-Class,227
Mercedes-Benz | GLB-Class,45
Mercedes-Benz | GLC-Class,531
Mercedes-Benz | GLC63,3
Mercedes-Benz | GLE-Class,746
Mercedes-Benz | GLK-Class,1414
Mercedes-Benz | GLS-Class,420
Mercedes-Benz | M-Class,2967
Mercedes-Benz | R-Class,413
Mercedes-Benz | S-Class,3339
Mercedes-Benz | SL-Class,1135
Mercedes-Benz | SLC-Class,5
Mercedes-Benz | SLK-Class,492
Mercedes-Benz | SLR McLaren,4
Mercedes-Benz | SLS AMG,11
Mercedes-Benz | Sprinter,179
Mercedes-Benz | V-Class,92
Mercedes-Benz | Vaneo,4
Mercedes-Benz | Viano,45
Mercedes-Benz | Vito,137
Mercedes-Benz | W115,1
Mercedes-Benz | W123,20
Mercedes-Benz | W136,1
Mercedes-Benz | W187,1
Mercedes-Benz | X-Class,21
Mercury | Cougar,114
Mercury | Grand Marquis,664
Mercury | Marauder,11
Mercury | Mariner,336
Mercury | Milan,286
Mercury | Montego,101
Mercury | Monterey,46
Mercury | Mountaineer,445
Mercury | Mystique,1
Mercury | Sable,254
Mercury | Topaz,1
Mercury | Tracer,5
Mercury | Villager,12
MG | Hs,1
MG | Mg5,1
MG | MGB,86
MG | Midget,11
MINI | Cooper Cabrio,11
MINI | Cooper Clubman,224
MINI | Cooper Countryman,734
MINI | Cooper Coupe,50
MINI | Cooper Hatch,192
MINI | Cooper Paceman,11
MINI | Cooper Roadster,29
MINI | Crossover,3
Mitsubishi | 3000GT,55
Mitsubishi | Airtrek,177
Mitsubishi | Aspire,8
Mitsubishi | ASX,437
Mitsubishi | Attrage,20
Mitsubishi | Canter,1
Mitsubishi | Carisma,99
Mitsubishi | Challenger,23
Mitsubishi | Chariot,42
Mitsubishi | Chariot Grandis,78
Mitsubishi | Colt,277
Mitsubishi | Colt Plus,30
Mitsubishi | Debonair,4
Mitsubishi | Delica,377
Mitsubishi | Delica D:2,100
Mitsubishi | Delica D:3,11
Mitsubishi | Delica D:5,260
Mitsubishi | Diamante,170
Mitsubishi | Dion,65
Mitsubishi | Eclipse,490
Mitsubishi | Eclipse Cross,275
Mitsubishi | eK,164
Mitsubishi | Emeraude,14
Mitsubishi | Endeavor,192
Mitsubishi | Eterna,8
Mitsubishi | FTO,28
Mitsubishi | Galant,1065
Mitsubishi | Galant Fortis,2
Mitsubishi | Grandis,60
Mitsubishi | GTO,13
Mitsubishi | i-MiEV,37
Mitsubishi | Jeep,1
Mitsubishi | L200,454
Mitsubishi | L300,6
Mitsubishi | L400,2
Mitsubishi | Lancer,3216
Mitsubishi | Lancer Cedia,262
Mitsubishi | Lancer Evolution,182
Mitsubishi | Legnum,62
Mitsubishi | Libero,61
Mitsubishi | Minica,16
Mitsubishi | Minicab,2
Mitsubishi | Mirage,473
Mitsubishi | Mirage Dingo,111
Mitsubishi | Montero,173
Mitsubishi | Montero Sport,228
Mitsubishi | Outlander,3063
Mitsubishi | Outlander Sport,2
Mitsubishi | Pajero,1767
Mitsubishi | Pajero iO,230
Mitsubishi | Pajero Junior,77
Mitsubishi | Pajero Mini,209
Mitsubishi | Pajero Pinin,31
Mitsubishi | Pajero Sport,707
Mitsubishi | Raider,35
Mitsubishi | RVR,395
Mitsubishi | Sigma,6
Mitsubishi | Space Gear,3
Mitsubishi | Space Runner,6
Mitsubishi | Space Star,32
Mitsubishi | Space Wagon,16
Mitsubishi | Starion,1
Mitsubishi | Strada,1
Mitsubishi | Toppo,1
Mitsubishi | Toppo BJ,10
Mitsubishi | Toppo BJ Wide,3
Mitsubishi | Town Box,1
Mitsubishi | Town Box Wide,7
Mitsubishi | Tredia,1
Mitsubishi | Xpander,95
Mitsuoka | Nouera,1
Morgan | Aero-8,2
Morgan | Plus 8,3
Nissan | 100NX,6
Nissan | 180SX,2
Nissan | 200SX,22
Nissan | 240SX,32
Nissan | 280ZX,1
Nissan | 300ZX,92
Nissan | 350Z,190
Nissan | 370Z,244
Nissan | AD,865
Nissan | Almera,1259
Nissan | Altima,19898
Nissan | Armada,876
Nissan | Avenir,250
Nissan | Avenir Salut,28
Nissan | Bassara,53
Nissan | Bluebird,468
Nissan | Bluebird Sylphy,627
Nissan | Caravan,48
Nissan | Caravan Elgrand,20
Nissan | Cedric,177
Nissan | Cefiro,534
Nissan | Cherry,1
Nissan | Cima,18
Nissan | Clipper,6
Nissan | Crew,1
Nissan | Cube,961
Nissan | Cube Cubic,5
Nissan | D21,73
Nissan | Dayz,577
Nissan | Dualis,123
Nissan | Elgrand,196
Nissan | Expert,191
Nissan | Fairlady Z,20
Nissan | Figaro,1
Nissan | Frontier,1497
Nissan | Fuga,111
Nissan | Gloria,173
Nissan | Gloria Cima,1
Nissan | GT-R,106
Nissan | Homy,5
Nissan | Homy Elgrand,3
Nissan | Juke,1841
Nissan | Kicks,30
Nissan | Kix,42
Nissan | Lafesta,43
Nissan | Langley,1
Nissan | Largo,55
Nissan | Latio,45
Nissan | Laurel,297
Nissan | Laurel Spirit,1
Nissan | Leaf,1548
Nissan | Leopard,11
Nissan | Liberty,242
Nissan | Lucino,11
Nissan | March,819
Nissan | March Box,6
Nissan | Maxima,7032
Nissan | Micra,134
Nissan | Mistral,26
Nissan | Moco,56
Nissan | Murano,4065
Nissan | Navara,116
Nissan | Note,4930
Nissan | NP,51
Nissan | NV,482
Nissan | Otti,22
Nissan | Pathfinder,2650
Nissan | Patrol,857
Nissan | Pino,8
Nissan | Pixo,1
Nissan | Prairie,14
Nissan | Prairie Joy,34
Nissan | Presage,190
Nissan | Presea,69
Nissan | President,11
Nissan | Primera,1132
Nissan | Primera Camino,90
Nissan | Pulsar,237
Nissan | Qashqai,2167
Nissan | Quest,850
Nissan | R'nessa,137
Nissan | Rasheen,12
Nissan | Rogue,5730
Nissan | Roox,25
Nissan | Safari,54
Nissan | Sentra,5745
Nissan | Serena,1350
Nissan | Silvia,9
Nissan | Skyline,473
Nissan | Skyline Crossover,1
Nissan | Skyline GT-R,7
Nissan | Stagea,38
Nissan | Stanza,1
Nissan | Sunny,1373
Nissan | Sunny California,5
Nissan | Sunny RZ-1,1
Nissan | Sylphy,43
Nissan | Teana,1765
Nissan | Terrano,824
Nissan | Terrano II,15
Nissan | Terrano Regulus,31
Nissan | Tiida,993
Nissan | Tiida Latio,404
Nissan | Tino,184
Nissan | Titan,865
Nissan | Vanette Serena,6
Nissan | Versa,3165
Nissan | Wingroad,769
Nissan | X-Trail,3297
Nissan | Xterra,1352
Oldsmobile | Achieva,1
Oldsmobile | Alero,134
Oldsmobile | Aurora,49
Oldsmobile | Bravada,54
Oldsmobile | Cutlass,229
Oldsmobile | Intrigue,59
Oldsmobile | Silhouette,45
Omoda | C5,41
Opel | Antara,272
Opel | Astra,1630
Opel | Astra Family,22
Opel | Astra GTC,426
Opel | Calibra,9
Opel | Combo,15
Opel | Corsa,380
Opel | Frontera,40
Opel | Grandland X,8
Opel | Insignia,255
Opel | Kadett,19
Opel | Manta,1
Opel | Meriva,106
Opel | Mokka,196
Opel | Monterey,9
Opel | Omega,115
Opel | Signum,3
Opel | Tigra,4
Opel | Vectra,390
Opel | Vita,22
Opel | Vivaro,5
Opel | Zafira,183
Opel | Zafira Life,16
Peugeot | 1007,2
Peugeot | 107,49
Peugeot | 2008,28
Peugeot | 205,2
Peugeot | 206,332
Peugeot | 207,122
Peugeot | 208,22
Peugeot | 3008,90
Peugeot | 3008 GT Line,2
Peugeot | 301,32
Peugeot | 306,7
Peugeot | 307,179
Peugeot | 308,551
Peugeot | 308 GT Line,1
Peugeot | 309,1
Peugeot | 4007,62
Peugeot | 4008,9
Peugeot | 405,3
Peugeot | 406,64
Peugeot | 407,147
Peugeot | 408,237
Peugeot | 5008,6
Peugeot | 504,2
Peugeot | 505,3
Peugeot | 508,34
Peugeot | 605,10
Peugeot | 607,41
Peugeot | 807,9
Peugeot | Boxer,2
Peugeot | Expert,14
Peugeot | Partner,88
Peugeot | RCZ,11
Peugeot | Traveller,66
Plymouth | Breeze,6
Plymouth | Grand Voyager,5
Plymouth | Laser,1
Plymouth | Neon,11
Plymouth | Prowler,17
Plymouth | Voyager,6
Pontiac | Aztek,16
Pontiac | Bonneville,158
Pontiac | Fiero,83
Pontiac | Firebird,318
Pontiac | G6,1742
Pontiac | Grand Am,468
Pontiac | Grand Prix,1149
Pontiac | GTO,187
Pontiac | LeMans,43
Pontiac | Montana,89
Pontiac | Solstice,135
Pontiac | Sunbird,2
Pontiac | Sunfire,109
Pontiac | Torrent,272
Pontiac | Trans Sport,3
Pontiac | Vibe,332
Porsche | 356,20
Porsche | 718,4
Porsche | 911,769
Porsche | 912,27
Porsche | 914,20
Porsche | 924,18
Porsche | 928,51
Porsche | 944,71
Porsche | 968,3
Porsche | Boxster,360
Porsche | Carrera,106
Porsche | Cayenne,1543
Porsche | Cayman,142
Porsche | Macan,161
Porsche | Panamera,504
Porsche | Taycan,4
Ram | 1500,3408
Ram | 2500,976
Ram | 3500,287
Ravon | Gentra,6
Ravon | Matiz,1
Ravon | Nexia R3,43
Ravon | R2,26
Ravon | R4,19
Reliant | Robin,1
Renault | 19,11
Renault | 25,1
Renault | Arkana,465
Renault | Captur,13
Renault | Clio,99
Renault | Dauphine,1
Renault | Dokker,14
Renault | Dokker Stepway,4
Renault | Duster,1113
Renault | Espace,9
Renault | Fluence,166
Renault | Grand Scenic,32
Renault | Kadjar,1
Renault | Kangoo,72
Renault | Kaptur,584
Renault | Koleos,229
Renault | Laguna,106
Renault | Latitude,10
Renault | Logan,1613
Renault | Logan Stepway,196
Renault | Megane,588
Renault | Modus,1
Renault | Safrane,5
Renault | Sandero,374
Renault | Sandero Stepway,620
Renault | Scenic,93
Renault | Scenic RX4,1
Renault | Symbol,240
Renault | Talisman,37
Renault | Trafic,6
Renault | Twingo,10
Renault | Vel Satis,4
Rolls-Royce | Corniche,3
Rolls-Royce | Cullinan,46
Rolls-Royce | Dawn,17
Rolls-Royce | Ghost,52
Rolls-Royce | Phantom,25
Rolls-Royce | Silver Cloud,4
Rolls-Royce | Silver Seraph,1
Rolls-Royce | Silver Spirit,11
Rolls-Royce | Silver Spur,4
Rolls-Royce | Wraith,22
Saab | 9-2X,12
Saab | 9-3,565
Saab | 9-4X,1
Saab | 9-5,135
Saab | 9-7X,53
Saab | 9000,6
Saab | 96,1
Saab | 99,1
Saab | Sonett,1
Saturn | Astra,59
Saturn | Aura,483
Saturn | Ion,503
Saturn | L-Series,208
Saturn | Outlook,298
Saturn | Relay,63
Saturn | S-Series,366
Saturn | Sky,74
Saturn | VUE,936
Scion | FR-S,179
Scion | iQ,122
Scion | tC,713
Scion | xA,45
Scion | xB,532
Scion | xD,175
SEAT | Alhambra,3
SEAT | Altea,11
SEAT | Cordoba,11
SEAT | Ibiza,12
SEAT | Leon,45
SEAT | Tarraco,2
SEAT | Terra,1
Skoda | Fabia,442
Skoda | Felicia,25
Skoda | Karoq,89
Skoda | Kodiaq,245
Skoda | Octavia,1904
Skoda | Rapid,792
Skoda | Roomster,80
Skoda | Scala,1
Skoda | Superb,258
Skoda | Yeti,308
Smart | City,7
Smart | Forfour,10
Smart | Fortwo,491
Smart | Roadster,7
SsangYong | Actyon,328
SsangYong | Actyon Sports,134
SsangYong | Chairman,2
SsangYong | Korando,53
SsangYong | Korando Family,4
SsangYong | Korando Sports,31
SsangYong | Korando Turismo,1
SsangYong | Kyron,288
SsangYong | Musso,26
SsangYong | Musso Sports,20
SsangYong | Nomad,3
SsangYong | Rexton,290
SsangYong | Rodius,9
SsangYong | Tivoli,3
SsangYong | Torres,10
Subaru | 1600,1
Subaru | Ascent,1
Subaru | B9 Tribeca,142
Subaru | Baja,71
Subaru | BRZ,64
Subaru | Chiffon,2
Subaru | Crosstrek,4
Subaru | Dex,15
Subaru | Dias Wagon,1
Subaru | Domingo,6
Subaru | Exiga,20
Subaru | Forester,4563
Subaru | Impreza,2237
Subaru | Impreza WRX,265
Subaru | Impreza WRX STI,83
Subaru | Impreza XV,30
Subaru | Justy,27
Subaru | Legacy,2024
Subaru | Legacy B4,579
Subaru | Legacy Lancaster,94
Subaru | Leone,1
Subaru | Levorg,1089
Subaru | Lucra,1
Subaru | Outback,2080
Subaru | Pleo,34
Subaru | Pleo Plus,12
Subaru | R1,5
Subaru | R2,37
Subaru | Sambar,6
Subaru | Stella,58
Subaru | SVX,13
Subaru | Traviq,19
Subaru | Trezia,76
Subaru | Tribeca,102
Subaru | WRX,91
Subaru | XT,1
Subaru | XV,379
Suzuki | Aerio,92
Suzuki | Alto,246
Suzuki | Alto Lapin,20
Suzuki | Baleno,35
Suzuki | Cappuccino,1
Suzuki | Cervo,15
Suzuki | Ciaz,1
Suzuki | Cultus,68
Suzuki | Ertiga,11
Suzuki | Escudo,644
Suzuki | Every,26
Suzuki | Forenza,244
Suzuki | Grand Escudo,53
Suzuki | Grand Vitara,1090
Suzuki | Grand Vitara XL-7,42
Suzuki | Hustler,110
Suzuki | Ignis,86
Suzuki | Jimny,510
Suzuki | Jimny Sierra,193
Suzuki | Jimny Wide,83
Suzuki | Kei,72
Suzuki | Kizashi,59
Suzuki | Landy,17
Suzuki | Liana,159
Suzuki | MR Wagon,13
Suzuki | Palette,41
Suzuki | Reno,45
Suzuki | Sidekick,11
Suzuki | Solio,609
Suzuki | Spacia,58
Suzuki | Splash,29
Suzuki | Swift,658
Suzuki | SX4,697
Suzuki | Verona,23
Suzuki | Vitara,148
Suzuki | Wagon R,311
Suzuki | Wagon R Plus,25
Suzuki | Wagon R Solio,48
Suzuki | Wagon R Wide,12
Suzuki | X-90,4
Suzuki | Xbee,76
Suzuki | XL-7,3
Tank | 500,1
Tesla | Model 3,50
Tesla | Model S,132
Tesla | Model X,34
Tesla | Model Y,2
Tesla | Roadster,2
Tianye | Admiral,12
Toyota | 4Runner,1906
Toyota | Allex,247
Toyota | Allion,2239
Toyota | Alphard,922
Toyota | Altezza,152
Toyota | Aqua,1592
Toyota | Aristo,170
Toyota | Aurion,4
Toyota | Auris,546
Toyota | Avalon,1335
Toyota | Avanza,10
Toyota | Avensis,1160
Toyota | Avensis Verso,20
Toyota | Aygo,6
Toyota | bB,182
Toyota | Belta,256
Toyota | Blade,14
Toyota | Blizzard,3
Toyota | Brevis,91
Toyota | C-HR,2397
Toyota | Caldina,1841
Toyota | Cami,122
Toyota | Camry,21850
Toyota | Camry Gracia,204
Toyota | Camry Prominent,42
Toyota | Camry Solara,13
Toyota | Carina,1557
Toyota | Carina E,115
Toyota | Carina ED,184
Toyota | Cavalier,12
Toyota | Celica,423
Toyota | Celsior,23
Toyota | Century,2
Toyota | Chaser,1257
Toyota | Corolla,13906
Toyota | Corolla Altis,2
Toyota | Corolla Axio,1535
Toyota | Corolla Ceres,117
Toyota | Corolla Cross,14
Toyota | Corolla Fielder,5860
Toyota | Corolla II,87
Toyota | Corolla Levin,179
Toyota | Corolla Rumion,267
Toyota | Corolla Runx,354
Toyota | Corolla Spacio,815
Toyota | Corolla Verso,30
Toyota | Corona,976
Toyota | Corona Exiv,106
Toyota | Corona Premio,1055
Toyota | Corona SF,63
Toyota | Corsa,196
Toyota | Cressida,9
Toyota | Cresta,1118
Toyota | Crown,2476
Toyota | Crown Majesta,160
Toyota | Curren,17
Toyota | Cynos,61
Toyota | Duet,150
Toyota | Echo,136
Toyota | Esquire,716
Toyota | Estima,417
Toyota | Estima Emina,68
Toyota | Estima Lucida,75
Toyota | FJ Cruiser,519
Toyota | Fortuner,367
Toyota | FunCargo,447
Toyota | Gaia,266
Toyota | GR 86,3
Toyota | GranAce,1
Toyota | Grand HiaAce,57
Toyota | Granvia,41
Toyota | GT 86,31
Toyota | Harrier,3323
Toyota | HiaAce,514
Toyota | HiAce Regius,83
Toyota | Highlander,3579
Toyota | Hilux,638
Toyota | Hilux Surf,599
Toyota | Innova,4
Toyota | Ipsum,913
Toyota | iQ,43
Toyota | ISis,791
Toyota | ist,490
Toyota | Kluger V,259
Toyota | Land Cruiser,4829
Toyota | Land Cruiser Cygnus,47
Toyota | Land Cruiser Prado,5542
Toyota | Lite Ace,97
Toyota | Lite Ace Noah,183
Toyota | Mark II,3695
Toyota | Mark II Qualis,134
Toyota | Mark X,410
Toyota | Mark X Zio,22
Toyota | Master Ace Surf,26
Toyota | Matrix,428
Toyota | Mega Cruiser,4
Toyota | Model F,2
Toyota | MR-S,8
Toyota | MR2,48
Toyota | Nadia,291
Toyota | Noah,1396
Toyota | Opa,152
Toyota | Passo,1870
Toyota | Passo Sette,51
Toyota | Picnic,42
Toyota | Pixis Epoch,47
Toyota | Pixis Joy,2
Toyota | Pixis Mega,1
Toyota | Pixis Space,8
Toyota | Platz,570
Toyota | Porte,186
Toyota | Premio,1816
Toyota | Previa,43
Toyota | Prius,7129
Toyota | Prius Alpha,1376
Toyota | Prius C,128
Toyota | Prius PHV,297
Toyota | Prius Prime,17
Toyota | Prius V,126
Toyota | Probox,1222
Toyota | Progres,78
Toyota | Pronard,34
Toyota | Publica,1
Toyota | Ractis,1347
Toyota | Raize,289
Toyota | Raum,305
Toyota | RAV4,8408
Toyota | Regius,16
Toyota | Regius Ace,9
Toyota | Roomy,382
Toyota | Rush,307
Toyota | Sai,191
Toyota | Scepter,23
Toyota | Sequoia,768
Toyota | Sera,1
Toyota | Sienna,3119
Toyota | Sienta,1218
Toyota | Soarer,42
Toyota | Spade,116
Toyota | Sparky,3
Toyota | Sprinter,738
Toyota | Sprinter Carib,382
Toyota | Sprinter Marino,126
Toyota | Sprinter Trueno,61
Toyota | Starlet,156
Toyota | Succeed,637
Toyota | Supra,103
Toyota | Tacoma,1582
Toyota | Tank,457
Toyota | Tercel,141
Toyota | Touring Hiace,23
Toyota | TownAce,177
Toyota | TownAce Noah,246
Toyota | Tundra,1779
Toyota | Vanguard,139
Toyota | Vellfire,587
Toyota | Venza,721
Toyota | Verossa,191
Toyota | Verso,91
Toyota | Vios,5
Toyota | Vista,994
Toyota | Vista Ardeo,243
Toyota | Vitz,4380
Toyota | Voltz,64
Toyota | Voxy,1660
Toyota | WiLL,97
Toyota | WiLL Cypha,29
Toyota | Windom,262
Toyota | Wish,4162
Toyota | Yaris,1566
Toyota | Yaris Cross,11
Toyota | Yaris Verso,7
Toyota | Zelas,1
Triumph | Spitfire,13
Triumph | Stag,1
Triumph | TR7,16
TVR | Vixen,1
Volkswagen | Amarok,110
Volkswagen | Arteon,25
Volkswagen | Atlas,10
Volkswagen | Beetle,1507
Volkswagen | Bora,46
Volkswagen | Caddy,115
Volkswagen | California,4
Volkswagen | Caravelle,155
Volkswagen | Corrado,8
Volkswagen | Eos,246
Volkswagen | Golf,1226
Volkswagen | Golf Plus,112
Volkswagen | Id4,3
Volkswagen | Id6,1
Volkswagen | Jetta,5894
Volkswagen | Lupo,2
Volkswagen | Multivan,138
Volkswagen | Passat,5179
Volkswagen | Passat CC,1063
Volkswagen | Phaeton,52
Volkswagen | Pointer,28
Volkswagen | Polo,2852
Volkswagen | Rabbit,104
Volkswagen | Routan,245
Volkswagen | Scirocco,53
Volkswagen | Sharan,78
Volkswagen | T-Cross,2
Volkswagen | Taos,37
Volkswagen | Teramont,58
Volkswagen | Teramont X,1
Volkswagen | Tiguan,2361
Volkswagen | Tiguan Allspace,7
Volkswagen | Tiguan X,1
Volkswagen | Touareg,1794
Volkswagen | Touran,103
Volkswagen | Transporter,24
Volkswagen | up!,4
Volkswagen | Vento,23
Volvo | 340,1
Volvo | 345,1
Volvo | 440,6
Volvo | 460,19
Volvo | 480,2
Volvo | 850,73
Volvo | 960,35
Volvo | C30,73
Volvo | C70,201
Volvo | S40,526
Volvo | S60,1346
Volvo | S70,97
Volvo | S80,474
Volvo | S90,30
Volvo | V40,47
Volvo | V50,64
Volvo | V60,110
Volvo | V70,253
Volvo | V90,23
Volvo | XC40,29
Volvo | XC60,629
Volvo | XC70,282
Volvo | XC90,1144
Vortex | Corda,17
Vortex | Estina,73
Vortex | Tingo,113
Zotye | Coupa,5
Zotye | T600,32
Богдан | 2110,32
Богдан | 2111,7
ГАЗ | 12 ЗИМ,7
ГАЗ | 13 Чайка,2
ГАЗ | 14 Чайка,1
ГАЗ | 21 Волга,208
ГАЗ | 22 Волга,8
ГАЗ | 2330 Тигр,2
ГАЗ | 24 Волга,192
ГАЗ | 3102 Волга,233
ГАЗ | 31029 Волга,254
ГАЗ | 3110 Волга,618
ГАЗ | 31105 Волга,498
ГАЗ | 3111 Волга,1
ГАЗ | 67,11
ГАЗ | 69,104
ГАЗ | Волга Сайбер,49
ГАЗ | М-72,1
ГАЗ | Победа,14
ЗАЗ | Вида,41
ЗАЗ | Запорожец,77
ЗАЗ | Ланос,7
ЗАЗ | Сенс,73
ЗАЗ | Славута,32
ЗАЗ | Таврия,53
ЗАЗ | Шанс,364
ЗиС | 110,1
ИЖ | 2125 Комби,42
ИЖ | 2126 Ода,251
ИЖ | 21261 Фабула,32
ИЖ | 2715,47
ИЖ | 2717,78
Лада | 1111 Ока,591
Лада | 2101,555
Лада | 2102,101
Лада | 2103,107
Лада | 2104,772
Лада | 2105,1364
Лада | 2106,1866
Лада | 2107,3461
Лада | 2108,408
Лада | 2109,1414
Лада | 21099,1186
Лада | 2110,4235
Лада | 2111,480
Лада | 2112,3453
Лада | 2113 Самара,560
Лада | 2114 Самара,5294
Лада | 2115 Самара,2964
Лада | 2120 Надежда,18
Лада | 4x4 2121 Нива,3033
Лада | 4x4 2131 Нива,569
Лада | 4x4 Бронто,44
Лада | 4x4 Урбан,571
Лада | Веста,1729
Лада | Веста Кросс,591
Лада | Веста Спорт,22
Лада | Гранта,4575
Лада | Гранта Кросс,58
Лада | Гранта Спорт,124
Лада | Калина,2410
Лада | Калина Кросс,123
Лада | Калина Спорт,218
Лада | Ларгус,631
Лада | Ларгус Кросс,280
Лада | Нива (2020-21 гг.),16
Лада | Нива Бронто,4
Лада | Нива Легенд,128
Лада | Нива Пикап,41
Лада | Нива Тревел,151
Лада | Приора,5250
Лада | Х-рей,353
Лада | Х-рей Кросс,114
ЛуАЗ | 969,95
Москвич | 2137,2
Москвич | 2138,1
Москвич | 2140,35
Москвич | 2141,139
Москвич | 2335,4
Москвич | 3,5
Москвич | 400,1
Москвич | 401,11
Москвич | 402,2
Москвич | 403,4
Москвич | 407,6
Москвич | 408,6
Москвич | 412,139
Москвич | 426,3
ТагАЗ | Aquila,1
ТагАЗ | Роад Партнер,9
ТагАЗ | С10,4
ТагАЗ | С190,11
ТагАЗ | Тагер,54
УАЗ | 3151,412
УАЗ | 3153,18
УАЗ | 3159,8
УАЗ | 469,132
УАЗ | Патриот,1200
УАЗ | Пикап,208
УАЗ | Симбир,17
УАЗ | Хантер,258
